company_id,standard_name,legal_name,business_registration_no,official_url,note
ORG-012,이지스자산운용,이지스자산운용 주식회사,,https://www.igisam.com/,데이터센터 투자·자산운용 추적 대상
ORG-013,코람코자산운용,코람코자산운용 주식회사,,https://www.koramco.com/,데이터센터 투자·자산운용 추적 대상
ORG-014,ESR켄달스퀘어자산운용,이에스알켄달스퀘어자산운용 주식회사,,https://www.esr.com/,데이터센터 투자·자산운용 추적 대상
ORG-015,마스턴투자운용,마스턴투자운용 주식회사,,https://www.mastern.co.kr/,데이터센터 투자·자산운용 추적 대상
ORG-016,삼성물산,삼성물산 주식회사,,https://www.samsungcnt.com/,데이터센터 시공사 추적 대상
ORG-017,현대건설,현대건설 주식회사,,https://www.hdec.kr/,데이터센터 시공사 추적 대상
ORG-018,GS건설,지에스건설 주식회사,,https://www.gsenc.com/,데이터센터 시공사 추적 대상
ORG-019,DL이앤씨,디엘이앤씨 주식회사,,https://www.dlenc.co.kr/,데이터센터 시공사 추적 대상
ORG-020,SK에코플랜트,에스케이에코플랜트 주식회사,,https://www.skecoplant.com/,데이터센터 시공사 추적 대상
