site_code,site_name,address_raw,address_standard,sido,sigungu,latitude,longitude,location_precision,coordinate_quality
LGU_DAEGU,LG유플러스 대구센터,대구광역시 중구 동인1가 295-1,대구광역시 중구 동덕로 186,대구광역시,중구,35.8655254,128.6032625,ROAD,B
LGU_ANYANG,LG유플러스 안양센터,경기도 안양시 만안구 안양7동 200-12,경기도 안양시 만안구 덕천로48번길 37,경기도,안양시,37.3861497,126.9382674,ROAD,B
LGU_BUSAN_AMI,LG유플러스 부산 아미센터,부산광역시 서구 부민동1가 30-1,부산광역시 서구 대청로6번길 14,부산광역시,서구,35.1022406,129.0204595,ROAD,B
LGU_DAEJEON,LG유플러스 대전센터,대전광역시 서구 탄방동 663,대전광역시 서구 계룡로553번길 66,대전광역시,서구,36.3435475,127.3850661,ROAD,B
LGU_GWANGJU,LG유플러스 광주센터,광주광역시 광산구 우산동 1598-2,광주광역시 광산구 무진대로 262,광주광역시,광산구,35.1605820,126.8073466,ROAD,B
NAVER_GAK_CHUNCHEON,NAVER 데이터센터 각 춘천,강원특별자치도 춘천시 동면 만천리 1000,강원특별자치도 춘천시 동면 순환대로 1231,강원특별자치도,춘천시,37.9157890,127.7713812,ROAD,B
NAVER_GAK_SEJONG,NAVER 데이터센터 각 세종,세종특별자치시 집현동,세종특별자치시 행복대로 824,세종특별자치시,세종시,36.5052531,127.3375315,ROAD,B
KINX_GWACHEON,KINX 과천센터,경기도 과천시 갈현동,경기도 과천시 과천대로7나길 34,경기도,과천시,37.4167643,126.9780954,ROAD,B
EQUINIX_SL1,Equinix SL1,서울특별시 마포구 상암동,서울특별시 마포구 월드컵북로60길 24,서울특별시,마포구,37.5821694,126.8855870,ROAD,B
DLR_ICN10,Digital Realty ICN10,서울특별시 마포구 상암동,서울특별시 마포구 월드컵북로60길 12,서울특별시,마포구,37.5818414,126.8847847,ROOFTOP,A
