site_code,site_name,address_standard,sido,sigungu,latitude,longitude,location_precision,coordinate_quality,provider,provider_result_type,provider_display_name,geocoded_at
CHANGWON_DEFENSE_AI,창원 방산 AI 데이터센터 수집 검증 대상,경상남도 창원시 의창구 팔용동 23-3,경상남도,창원시,35.2454300,128.6178400,PARCEL,D,OpenStreetMap Nominatim,quarter,"팔용동, 의창구, 창원시, 경상남도, 51389, 대한민국",2026-10-03T14:11:35.551180+09:00
DAOU_MAPO,다우기술 마포 IDC,서울특별시 마포구 독막로 311,서울특별시,마포구,37.5438749,126.9472381,ROAD,C,OpenStreetMap Nominatim,amenity,"전주밥차, 311, 독막로, 1통, 염리동, 마포구, 서울특별시, 04156, 대한민국",2026-10-03T14:11:35.551488+09:00
DCI_SEOUL01,DCI Seoul 01,서울특별시 금천구 가산동 459-3,서울특별시,금천구,37.4771452,126.8825349,PARCEL,D,OpenStreetMap Nominatim,quarter,"가산동, 금천구, 서울특별시, 08506, 대한민국",2026-10-03T14:11:35.551722+09:00
DIGITALEDGE_PUS1,Digital Edge PUS1,부산광역시 해운대구 센텀7로 32,부산광역시,해운대구,35.1749878,129.1272856,ROAD,C,OpenStreetMap Nominatim,building,"세종텔레콤, 32, 센텀7로, 우2동, 해운대구, 부산광역시, 48059, 대한민국",2026-10-03T14:11:35.552624+09:00
DIGITALEDGE_SEL1,Digital Edge SEL1,서울특별시 강남구 역삼동 646-1,서울특별시,강남구,37.4998800,127.0385600,PARCEL,D,OpenStreetMap Nominatim,quarter,"역삼동, 역삼2동, 강남구, 서울특별시, 06220, 대한민국",2026-10-03T14:11:35.553548+09:00
DIGITALEDGE_SEL2,Digital Edge SEL2,인천광역시 부평구 청천동 422,인천광역시,부평구,37.5188330,126.7080961,PARCEL,D,OpenStreetMap Nominatim,quarter,"청천동, 청천2동, 부평구, 인천광역시, 21311, 대한민국",2026-10-03T14:11:35.554859+09:00
DIGITALEDGE_SEL3,Digital Edge SEL3,인천광역시 부평구 청천동 422,인천광역시,부평구,37.5188330,126.7080961,PARCEL,D,OpenStreetMap Nominatim,quarter,"청천동, 청천2동, 부평구, 인천광역시, 21311, 대한민국",2026-10-03T14:11:35.555004+09:00
DLR_ICN11,Digital Realty ICN11,경기도 김포시 구래동 6877-9,경기도,김포시,37.6438664,126.6290477,PARCEL,D,OpenStreetMap Nominatim,quarter,"구래동, 양곡리, 김포시, 경기도, 대한민국",2026-10-03T14:11:35.555080+09:00
DOUZONE_CHUNCHEON,더존 춘천 IDC,강원특별자치도 춘천시 남산면 버들1길 130,강원특별자치도,춘천시,37.7539762,127.6354430,ROAD,D,OpenStreetMap Nominatim,road,"버들1길, 남면, 춘천시, 강원특별자치도, 24468, 대한민국",2026-10-03T14:11:35.555169+09:00
DREAMMARK1_GURO,Dreammark1 구로 IDC,서울특별시 구로구 디지털로31길 61,서울특별시,구로구,37.4859119,126.8915645,ROAD,C,OpenStreetMap Nominatim,building,"드림마크원 데이터센터, 61, 디지털로31길, 서울디지털국가산업단지 1단지, 구로3동, 구로구, 서울특별시, 08375, 대한민국",2026-10-03T14:11:35.555339+09:00
EMPYRION_KR1,Empyrion Digital KR1,서울특별시 서초구 양재동 224,서울특별시,서초구,37.4840684,127.0350112,PARCEL,D,OpenStreetMap Nominatim,amenity,"어거스트 치킨(August Chicken)양재역점, 224, 강남대로, 양재1동, 서초구, 서울특별시, 06736, 대한민국",2026-10-03T14:11:35.555412+09:00
EPOCH_ANYANG,Epoch Digital 안양 데이터센터,경기도 안양시 동안구 엘에스로 126,경기도,안양시,37.3668540,126.9560704,ROAD,D,OpenStreetMap Nominatim,road,"엘에스로, 포도원, 호계3동, 동안구, 안양시, 경기도, 14121, 대한민국",2026-10-03T14:11:35.555489+09:00
EPOCH_YANGPYEONG,Epoch Digital 양평 데이터센터,서울특별시 영등포구 양평동3가 77-80,서울특별시,영등포구,37.5282501,126.8914746,PARCEL,D,OpenStreetMap Nominatim,quarter,"양평동3가, 양평1동, 영등포구, 서울특별시, 07268, 대한민국",2026-10-03T14:11:35.555532+09:00
GS_DONGHAE_AI,GS 동해 AI 데이터센터,강원특별자치도 동해시 추암동 48-12,강원특별자치도,동해시,37.4743200,129.1496100,PARCEL,D,OpenStreetMap Nominatim,quarter,"추암동, 북평동, 동해시, 강원특별자치도, 25790, 대한민국",2026-10-03T14:11:35.555699+09:00
INUVERSE_DAEGU,Inuverse AI 대구 데이터센터,경상북도 영천시 남성리 485,경상북도,영천시,35.8975100,128.8681000,PARCEL,D,OpenStreetMap Nominatim,village,"남성리, 영천시, 경상북도, 38454, 대한민국",2026-10-03T14:11:35.555909+09:00
KINX_DOGOK,KINX 도곡 IDC,서울특별시 강남구 언주로30길 13,서울특별시,강남구,37.4883726,127.0514976,ROAD,C,OpenStreetMap Nominatim,office,"Y.P.LEE, MOCK & PARTNERS, 13, 언주로30길, 도곡2동, 강남구, 서울특별시, 06292, 대한민국",2026-10-03T14:11:35.556259+09:00
KOSCOM_ANYANG,코스콤 안양 IDC,경기도 안양시 동안구 엘에스로115번길 26,경기도,안양시,37.3714242,126.9481109,ROAD,D,OpenStreetMap Nominatim,road,"엘에스로115번길, 안양IT단지, 호계1동, 평촌, 동안구, 안양시, 경기도, 14119, 대한민국",2026-10-03T14:11:35.557137+09:00
KOSCOM_BUSAN,코스콤 부산 IDC,부산광역시 동구 범일동 828-9,부산광역시,동구,35.1340800,129.0612000,PARCEL,D,OpenStreetMap Nominatim,quarter,"범일동, 범일2동, 동구, 부산광역시, 48747, 대한민국",2026-10-03T14:11:35.557306+09:00
KSQUARE_GASAN,K Square 가산 데이터센터,서울특별시 금천구 가산동 319-19,서울특별시,금천구,37.4771452,126.8825349,PARCEL,D,OpenStreetMap Nominatim,quarter,"가산동, 금천구, 서울특별시, 08506, 대한민국",2026-10-03T14:11:35.557374+09:00
KT_BAEKSEOK_AI,KT Cloud 백석 AI 데이터센터,경기도 고양시 일산동구 경의로 235,경기도,고양시,37.6736191,126.7845866,ROAD,D,OpenStreetMap Nominatim,road,"경의로, 정발산동, 일산동구, 고양시, 경기도, 10358, 대한민국",2026-10-03T14:11:35.557431+09:00
KT_DAEJEON,KT Cloud 대전 IDC,대전광역시 서구 문정로48번길 30,대전광역시,서구,36.3442470,127.3845833,ROAD,D,OpenStreetMap Nominatim,road,"문정로48번길, 탄방동, 서구, 대전광역시, 35262, 대한민국",2026-10-03T14:11:35.557476+09:00
KT_GANGNAM,KT Cloud 강남 IDC,서울특별시 강남구 언주로 517,서울특별시,강남구,37.5050770,127.0412909,ROAD,C,OpenStreetMap Nominatim,amenity,"(주)보나비 아티제 역삼신라스테이점, 517, 언주로, 압구정동, 역삼1동, 강남구, 서울특별시, 06139, 대한민국",2026-10-03T14:11:35.557569+09:00
KT_GASAN,KT Cloud 가산 IDC,서울특별시 금천구 가산디지털2로 23,서울특별시,금천구,37.4704013,126.8828944,ROAD,C,OpenStreetMap Nominatim,building,"23, 가산디지털2로, 서울디지털국가산업단지 3단지, 가산동, 금천구, 서울특별시, 08593, 대한민국",2026-10-03T14:11:35.557637+09:00
KT_GIMHAE,KT Cloud 김해 IDC,경상남도 김해시 분성로3번길 235-2,경상남도,김해시,35.2440656,128.8606719,ROAD,D,OpenStreetMap Nominatim,road,"분성로3번길, 내동, 주촌면, 김해시, 경상남도, 50952, 대한민국",2026-10-03T14:11:35.557739+09:00
KT_GURO,KT Cloud 구로 데이터센터,서울특별시 구로구 개봉동 166-2,서울특별시,구로구,37.4931629,126.8517360,PARCEL,D,OpenStreetMap Nominatim,quarter,"개봉동, 개봉2동, 구로구, 서울특별시, 08338, 대한민국",2026-10-03T14:11:35.557811+09:00
KT_MOKDONG1,KT Cloud 목동1 IDC,서울특별시 양천구 목동동로 233-5,서울특별시,양천구,37.5352107,126.8793143,ROAD,D,OpenStreetMap Nominatim,road,"목동동로, 목동, 목5동, 양천구, 서울특별시, 07983, 대한민국",2026-10-03T14:11:35.557875+09:00
KT_MOKDONG2,KT Cloud 목동2 IDC,서울특별시 양천구 목동동로 323,서울특별시,양천구,37.5182328,126.8697650,ROAD,D,OpenStreetMap Nominatim,road,"목동동로, 신정6동, 양천구, 서울특별시, 08114, 대한민국",2026-10-03T14:11:35.557924+09:00
KT_SONGJEONG,KT Cloud 송정 데이터센터,부산광역시 해운대구 송정광어골로 42,부산광역시,해운대구,35.1777498,129.1969861,ROAD,D,OpenStreetMap Nominatim,road,"송정광어골로, 송정동, 해운대구, 부산광역시, 48073, 대한민국",2026-10-03T14:11:35.557965+09:00
KT_YEOUIDO,KT Cloud 여의도 IDC,서울특별시 영등포구 여의대로 14,서울특별시,영등포구,37.5232370,126.9188153,ROAD,C,OpenStreetMap Nominatim,amenity,"여의도공원 제1교육장, 14, 여의대로, 여의도동, 여의동, 영등포구, 서울특별시, 07320, 대한민국",2026-10-03T14:11:35.558016+09:00
KT_YONGSAN,KT Cloud 용산 IDC,서울특별시 용산구 원효로41길 33,서울특별시,용산구,37.5350763,126.9596889,ROAD,D,OpenStreetMap Nominatim,road,"원효로41길, 원효로3가, 원효로2동, 용산구, 서울특별시, 04363, 대한민국",2026-10-03T14:11:35.558060+09:00
LGCNS_GASAN,LG CNS 가산 데이터센터,서울특별시 금천구 가산디지털1로 189,서울특별시,금천구,37.4823360,126.8796510,ROAD,C,OpenStreetMap Nominatim,building,"LG가산디지털센터, 189, 가산디지털1로, 서울디지털국가산업단지 3단지, 가산동, 금천구, 서울특별시, 08503, 대한민국",2026-10-03T14:11:35.558102+09:00
LGCNS_JUKJEON,LG CNS 죽전 데이터센터,경기도 용인시 수지구 죽전동 1358,경기도,용인시,37.3292000,127.1163100,PARCEL,D,OpenStreetMap Nominatim,quarter,"죽전동, 신봉동, 수지구, 용인시, 경기도, 16872, 대한민국",2026-10-03T14:11:35.558139+09:00
LGCNS_SANGAM,LG CNS 상암 IT센터,서울특별시 마포구 월드컵북로 424,서울특별시,마포구,37.5861884,126.8811762,ROAD,D,OpenStreetMap Nominatim,road,"월드컵북로, 15통, 상암동, 마포구, 서울특별시, 03918, 대한민국",2026-10-03T14:11:35.558460+09:00
LOTTE_INTEGRATED,롯데 통합 데이터센터,서울특별시 금천구 가산디지털2로 179,서울특별시,금천구,37.4834943,126.8763310,ROAD,C,OpenStreetMap Nominatim,building,"롯데정보통신 지식산업센터, 179, 가산디지털2로, 서울디지털국가산업단지 3단지, 가산동, 금천구, 서울특별시, 08500, 대한민국",2026-10-03T14:11:35.558590+09:00
MICROSOFT_PUS05,Microsoft Busan PUS05,부산광역시 강서구 구랑동 1278-5,부산광역시,강서구,35.1282500,128.8553100,PARCEL,D,OpenStreetMap Nominatim,quarter,"구랑동, 녹산동, 강서구, 부산광역시, 46735, 대한민국",2026-10-03T14:11:35.558631+09:00
MOACK_GANGNAM,Moack 강남 데이터센터,서울특별시 강남구 도곡동 553-3,서울특별시,강남구,37.4878395,127.0438569,PARCEL,D,OpenStreetMap Nominatim,quarter,"도곡동, 도곡1동, 강남구, 서울특별시, 06274, 대한민국",2026-10-03T14:11:35.558665+09:00
NETREALTY_ICN01,NETREALTY ICN-01,서울특별시 금천구 디지털로9길 32,서울특별시,금천구,37.4795237,126.8874122,ROAD,C,OpenStreetMap Nominatim,building,"갑을그레이트밸리, 32, 디지털로9길, 서울디지털국가산업단지 2단지, 가산동, 금천구, 서울특별시, 08512, 대한민국",2026-10-03T14:11:35.558721+09:00
NHN_YANGPYEONG,NHN Cloud 양평 데이터센터 수집 검증 대상,서울특별시 영등포구 양평동3가 77-80,서울특별시,영등포구,37.5282501,126.8914746,PARCEL,D,OpenStreetMap Nominatim,quarter,"양평동3가, 양평1동, 영등포구, 서울특별시, 07268, 대한민국",2026-10-03T14:11:35.558834+09:00
OKESTRO_SEJONG,오케스트로 세종 데이터센터,세종특별자치시 가름로 194,세종특별자치시,세종시,36.4961893,127.2652601,ROAD,D,OpenStreetMap Nominatim,road,"가름로, 어진동, 도담동, 세종특별자치시, 30119, 대한민국",2026-10-03T14:11:35.558963+09:00
OKESTRO_YEOUIDO,오케스트로 여의도 AI 데이터센터,서울특별시 영등포구 여의대로 108,서울특별시,영등포구,37.5266599,126.9272056,ROAD,C,OpenStreetMap Nominatim,building,"파크원 타워1, 108, 여의대로, 여의도동, 여의동, 영등포구, 서울특별시, 07335, 대한민국",2026-10-03T14:11:35.559043+09:00
PDG_SE1,Princeton Digital SE1,인천광역시 부평구 청천동 414-2,인천광역시,부평구,37.5188330,126.7080961,PARCEL,D,OpenStreetMap Nominatim,quarter,"청천동, 청천2동, 부평구, 인천광역시, 21311, 대한민국",2026-10-03T14:11:35.559134+09:00
PENTACITY_POHANG,펜타시티 AI 데이터센터,경상북도 포항시 북구 흥해읍 이인리 134,경상북도,포항시,36.0608294,129.3174955,PARCEL,D,OpenStreetMap Nominatim,amenity,"경상북도 동부청사, 2, 동부청사로, 흥해읍, 북구, 포항시, 경상북도, 37653, 대한민국",2026-10-03T14:11:35.559192+09:00
SAMSUNG_SDS_GUMI,삼성SDS 구미 데이터센터,경상북도 구미시 1공단로 244,경상북도,구미시,36.1035501,128.3892830,ROAD,D,OpenStreetMap Nominatim,road,"1공단로, 공단동, 구미시, 경상북도, 39376, 대한민국",2026-10-03T14:11:35.559275+09:00
SAMSUNG_SDS_SANGAM,삼성SDS 상암 ICT센터,서울특별시 마포구 월드컵북로60길 24,서울특별시,마포구,37.5821694,126.8855870,ROAD,D,OpenStreetMap Nominatim,road,"월드컵북로60길, 디지털미디어스트리트, 상암동, 마포구, 서울특별시, 03921, 대한민국",2026-10-03T14:11:35.559322+09:00
SAMSUNG_SDS_SUWON,삼성SDS 수원 ICT센터,경기도 수원시 영통구 삼성로168번길 10,경기도,수원시,37.2597621,127.0589473,ROAD,D,OpenStreetMap Nominatim,road,"삼성로168번길, 매탄동, 영통구, 수원시, 경기도, 16676, 대한민국",2026-10-03T14:11:35.559366+09:00
SEJONG_BUNDANG,세종텔레콤 분당 IDC,경기도 용인시 수지구 용구대로2771번길 85,경기도,용인시,37.3332932,127.1057604,ROAD,D,OpenStreetMap Nominatim,road,"용구대로2771번길, 벽산타운4단지, 죽전동, 신봉동, 수지구, 용인시, 경기도, 16865, 대한민국",2026-10-03T14:11:35.559417+09:00
SGC_GUNSAN,SGC 군산 AI 데이터센터,전북특별자치도 군산시 외항로 1331,전북특별자치도,군산시,35.9541035,126.5537553,ROAD,D,OpenStreetMap Nominatim,road,"외항로, 내초동, 군산시, 전북특별자치도, 대한민국",2026-10-03T14:11:35.559461+09:00
SKB_PANGYO,SK브로드밴드 판교 CDC,경기도 성남시 분당구 판교로255번길 46,경기도,성남시,37.4059075,127.0982738,ROAD,C,OpenStreetMap Nominatim,building,"SKC&C판교캠퍼스A동, 46, 판교로255번길, 판교테크노밸리, 삼평동, 판교, 분당구, 성남시, 경기도, 13486, 대한민국",2026-10-03T14:11:35.559505+09:00
STT_SEOUL1,STT Seoul 1,서울특별시 금천구 가산동 345-26,서울특별시,금천구,37.4771452,126.8825349,PARCEL,D,OpenStreetMap Nominatim,quarter,"가산동, 금천구, 서울특별시, 08506, 대한민국",2026-10-03T14:11:35.559544+09:00
TELEHOUSE_SEOUL,TELEHOUSE Seoul,서울특별시 중구 세종대로 136,서울특별시,중구,37.5683301,126.9785761,ROAD,C,OpenStreetMap Nominatim,amenity,"투뿔 코리안 스테이크하우스 광화문, 136, 세종대로, 태평로1가, 명동, 중구, 서울특별시, 04520, 대한민국",2026-10-03T14:11:35.559606+09:00
UNKNOWN_BUSAN_SONGJEONG,부산 송정동 데이터센터 수집 검증 대상,부산광역시 강서구 송정동 1711-4,부산광역시,강서구,35.0928458,128.8485116,PARCEL,D,OpenStreetMap Nominatim,quarter,"송정동, 녹산동, 강서구, 부산광역시, 46755, 대한민국",2026-10-03T14:11:35.559653+09:00
UNKNOWN_GAEBONG,개봉동 데이터센터 신축공사 수집 검증 대상,서울특별시 구로구 개봉동 166-2,서울특별시,구로구,37.4931629,126.8517360,PARCEL,D,OpenStreetMap Nominatim,quarter,"개봉동, 개봉2동, 구로구, 서울특별시, 08338, 대한민국",2026-10-03T14:11:35.559691+09:00
UNKNOWN_UIJEONGBU,의정부 용현동 데이터센터 수집 검증 대상,경기도 의정부시 용현동 522-8,경기도,의정부시,37.7329198,127.0833113,PARCEL,D,OpenStreetMap Nominatim,quarter,"용현동, 의정부시, 경기도, 11791, 대한민국",2026-10-03T14:11:35.559752+09:00
ALIBABA_SEOUL1,Alibaba Cloud 서울 리전 1 수집 검증 대상,서울특별시,서울특별시,미확인,37.5666791,126.9782914,CITY,D,OpenStreetMap Nominatim,city,"서울특별시, 대한민국",2026-10-03T14:11:35.559786+09:00
ALIBABA_SEOUL2,Alibaba Cloud 서울 리전 2 수집 검증 대상,서울특별시,서울특별시,미확인,37.5666791,126.9782914,CITY,D,OpenStreetMap Nominatim,city,"서울특별시, 대한민국",2026-10-03T14:11:35.559815+09:00
ALIBABA_SEOUL3,Alibaba Cloud 서울 리전 3 수집 검증 대상,서울특별시,서울특별시,미확인,37.5666791,126.9782914,CITY,D,OpenStreetMap Nominatim,city,"서울특별시, 대한민국",2026-10-03T14:11:35.559843+09:00
BC_CARD_IT,BC카드 IT센터 수집 검증 대상,서울특별시,서울특별시,미확인,37.5666791,126.9782914,CITY,D,OpenStreetMap Nominatim,city,"서울특별시, 대한민국",2026-10-03T14:11:35.559870+09:00
BUSAN_CITY_DC,부산시 데이터센터 수집 검증 대상,부산광역시,부산광역시,미확인,35.1799528,129.0752365,CITY,D,OpenStreetMap Nominatim,city,"부산광역시, 대한민국",2026-10-03T14:11:35.559897+09:00
BUSAN_PORT_IT,부산항만공사 IT센터 수집 검증 대상,부산광역시,부산광역시,미확인,35.1799528,129.0752365,CITY,D,OpenStreetMap Nominatim,city,"부산광역시, 대한민국",2026-10-03T14:11:35.559925+09:00
CHUNGBUK_PROVINCE_DC,충청북도 데이터센터 수집 검증 대상,충청북도 청주시,충청북도,청주시,36.6421169,127.4891742,CITY,D,OpenStreetMap Nominatim,city,"청주시, 충청북도, 대한민국",2026-10-03T14:11:35.559954+09:00
CHUNGNAM_PROVINCE_DC,충청남도 데이터센터 수집 검증 대상,충청남도 홍성군,충청남도,홍성군,36.6010501,126.6611667,CITY,D,OpenStreetMap Nominatim,county,"홍성군, 충청남도, 대한민국",2026-10-03T14:11:35.559983+09:00
CJENM_SANGAM_IT,CJ ENM 상암 IT센터 수집 검증 대상,서울특별시 마포구 상암동,서울특별시,마포구,37.5709200,126.8775200,DISTRICT,D,OpenStreetMap Nominatim,quarter,"상암동, 마포구, 서울특별시, 03900, 대한민국",2026-10-03T14:11:35.560041+09:00
COUPANG_SEOUL_IT,쿠팡 IT 인프라 수집 검증 대상,서울특별시,서울특별시,미확인,37.5666791,126.9782914,CITY,D,OpenStreetMap Nominatim,city,"서울특별시, 대한민국",2026-10-03T14:11:35.560092+09:00
DCI_ANSAN01,DCI Ansan 01,경기도 안산시 단원구 성곡동,경기도,안산시,37.3146400,126.7469100,DISTRICT,D,OpenStreetMap Nominatim,quarter,"성곡동, 단원구, 안산시, 경기도, 15656, 대한민국",2026-10-03T14:11:35.560129+09:00
DGIST_HPC,DGIST HPC 데이터센터 수집 검증 대상,대구광역시 달성군,대구광역시,달성군,35.7753000,128.4312000,CITY,D,OpenStreetMap Nominatim,county,"달성군, 대구광역시, 대한민국",2026-10-03T14:11:35.560162+09:00
EBS_GOYANG_IT,EBS 고양 IT센터 수집 검증 대상,경기도 고양시,경기도,고양시,37.6581862,126.8319452,CITY,D,OpenStreetMap Nominatim,city,"고양시, 경기도, 대한민국",2026-10-03T14:11:35.560195+09:00
ETRI_DAEJEON,ETRI 대전 컴퓨팅센터 수집 검증 대상,대전광역시 유성구,대전광역시,유성구,36.3620732,127.3564099,CITY,D,OpenStreetMap Nominatim,borough,"유성구, 대전광역시, 대한민국",2026-10-03T14:11:35.560225+09:00
GANGWON_PROVINCE_DC,강원도 데이터센터 수집 검증 대상,강원특별자치도 춘천시,강원특별자치도,춘천시,37.8810569,127.7297641,CITY,D,OpenStreetMap Nominatim,city,"춘천시, 강원특별자치도, 대한민국",2026-10-03T14:11:35.560255+09:00
GIST_HPC,GIST HPC 데이터센터 수집 검증 대상,광주광역시 북구,광주광역시,북구,35.1741000,126.9122000,CITY,D,OpenStreetMap Nominatim,borough,"북구, 광주, 전남광주통합특별시, 대한민국",2026-10-03T14:11:35.560285+09:00
GYEONGBUK_PROVINCE_DC,경상북도 데이터센터 수집 검증 대상,경상북도 안동시,경상북도,안동시,36.5634886,128.7260798,CITY,D,OpenStreetMap Nominatim,city,"안동시, 경상북도, 대한민국",2026-10-03T14:11:35.560314+09:00
GYEONGGI_PROVINCE_DC,경기도 데이터센터 수집 검증 대상,경기도 수원시,경기도,수원시,37.2633325,127.0287472,CITY,D,OpenStreetMap Nominatim,city,"수원시, 경기도, 대한민국",2026-10-03T14:11:35.560398+09:00
GYEONGNAM_PROVINCE_DC,경상남도 데이터센터 수집 검증 대상,경상남도 창원시,경상남도,창원시,35.2279560,128.6818586,CITY,D,OpenStreetMap Nominatim,city,"창원시, 경상남도, 대한민국",2026-10-03T14:11:35.560448+09:00
HANA_CHEONGNA_IT,하나금융 청라 통합데이터센터 수집 검증 대상,인천광역시 서구 청라,인천광역시,서구,37.5329789,126.6479344,DISTRICT,D,OpenStreetMap Nominatim,stream,"청라 커널웨이, 청라2동, 서해구, 인천광역시, 대한민국",2026-10-03T14:11:35.560533+09:00
HANWHA_DAEJEON_IT,한화 대전 IT센터 수집 검증 대상,대전광역시,대전광역시,미확인,36.3497007,127.3849016,CITY,D,OpenStreetMap Nominatim,city,"대전광역시, 대한민국",2026-10-03T14:11:35.560573+09:00
HDHYUNDAI_PANGYO_IT,HD현대 판교 IT센터 수집 검증 대상,경기도 성남시 판교,경기도,성남시,37.3947237,127.1115312,DISTRICT,D,OpenStreetMap Nominatim,railway,"판교, 판교역로146번길, 백현동, 판교, 분당구, 성남시, 경기도, 13529, 대한민국",2026-10-03T14:11:35.560612+09:00
HIRA_WONJU_IT,건강보험심사평가원 원주 IT센터 수집 검증 대상,강원특별자치도 원주시,강원특별자치도,원주시,37.3420996,127.9197603,CITY,D,OpenStreetMap Nominatim,city,"원주시, 강원특별자치도, 대한민국",2026-10-03T14:11:35.560645+09:00
HYUNDAI_CARD_IT,현대카드 IT센터 수집 검증 대상,서울특별시,서울특별시,미확인,37.5666791,126.9782914,CITY,D,OpenStreetMap Nominatim,city,"서울특별시, 대한민국",2026-10-03T14:11:35.560679+09:00
HYUNDAI_MABUK_IT,현대모비스 마북 IT센터 수집 검증 대상,경기도 용인시 마북동,경기도,용인시,37.3003279,127.1170325,DISTRICT,D,OpenStreetMap Nominatim,quarter,"마북동, 기흥구, 용인시, 경기도, 16909, 대한민국",2026-10-03T14:11:35.560758+09:00
HYUNDAI_UIWANG_IT,현대자동차 의왕 IT센터 수집 검증 대상,경기도 의왕시,경기도,의왕시,37.3449082,126.9689861,CITY,D,OpenStreetMap Nominatim,city,"의왕시, 경기도, 대한민국",2026-10-03T14:11:35.560806+09:00
IBK_SUJI_IT,IBK기업은행 수지 IT센터 수집 검증 대상,경기도 용인시 수지구,경기도,용인시,37.3222928,127.0972114,CITY,D,OpenStreetMap Nominatim,borough,"수지구, 용인시, 경기도, 대한민국",2026-10-03T14:11:35.560868+09:00
JDC_JEJU,제주국제자유도시개발센터 데이터센터 수집 검증 대상,제주특별자치도 제주시,제주특별자치도,제주시,33.4998289,126.5313902,CITY,D,OpenStreetMap Nominatim,city,"제주시, 제주특별자치도, 대한민국",2026-10-03T14:11:35.561113+09:00
JEONBUK_PROVINCE_DC,전북특별자치도 데이터센터 수집 검증 대상,전북특별자치도 전주시,전북특별자치도,전주시,35.8237631,127.1472805,CITY,D,OpenStreetMap Nominatim,city,"전주시, 전북특별자치도, 대한민국",2026-10-03T14:11:35.561172+09:00
JEONNAM_PROVINCE_DC,전라남도 데이터센터 수집 검증 대상,전라남도 무안군,전라남도,무안군,34.8014540,126.4855926,CITY,D,OpenStreetMap Nominatim,office,"전라남도 농업인지원센터, 남악로, 오룡지구, 오룡리, 일로읍, 무안군, 전남광주통합특별시, 58567, 대한민국",2026-10-03T14:11:35.561258+09:00
KAIST_HPC,KAIST HPC 데이터센터 수집 검증 대상,대전광역시 유성구,대전광역시,유성구,36.3620732,127.3564099,CITY,D,OpenStreetMap Nominatim,borough,"유성구, 대전광역시, 대한민국",2026-10-03T14:11:35.561300+09:00
KAKAO_NAMYANGJU,카카오 남양주 데이터센터,경기도 남양주시,경기도,남양주시,37.6359398,127.2165051,CITY,D,OpenStreetMap Nominatim,city,"남양주시, 경기도, 대한민국",2026-10-03T14:11:35.561333+09:00
KARI_DAEJEON,한국항공우주연구원 컴퓨팅센터 수집 검증 대상,대전광역시 유성구,대전광역시,유성구,36.3620732,127.3564099,CITY,D,OpenStreetMap Nominatim,borough,"유성구, 대전광역시, 대한민국",2026-10-03T14:11:35.561363+09:00
KBS_YEOUIDO_IT,KBS 여의도 IT센터 수집 검증 대상,서울특별시 영등포구 여의도동,서울특별시,영등포구,37.5267088,126.9238000,DISTRICT,D,OpenStreetMap Nominatim,quarter,"여의도동, 여의동, 영등포구, 서울특별시, 07243, 대한민국",2026-10-03T14:11:35.561401+09:00
KB_GIMPO_IT,KB국민은행 김포 IT센터 수집 검증 대상,경기도 김포시,경기도,김포시,37.6155683,126.7157798,CITY,D,OpenStreetMap Nominatim,city,"김포시, 경기도, 대한민국",2026-10-03T14:11:35.561431+09:00
KDB_BANK_IT,KDB산업은행 IT센터 수집 검증 대상,서울특별시,서울특별시,미확인,37.5666791,126.9782914,CITY,D,OpenStreetMap Nominatim,city,"서울특별시, 대한민국",2026-10-03T14:11:35.561460+09:00
KDN_NAJU_IT,한전KDN 나주 IT센터 수집 검증 대상,전라남도 나주시,전라남도,나주시,35.0145954,126.7114323,CITY,D,OpenStreetMap Nominatim,amenity,"나주시 향토문화회관, 완사천길, 송월동, 금천면, 나주시, 전남광주통합특별시, 58261, 대한민국",2026-10-03T14:11:35.561493+09:00
KEPCO_NAJU_IT,한국전력공사 나주 IT센터 수집 검증 대상,전라남도 나주시,전라남도,나주시,35.0145954,126.7114323,CITY,D,OpenStreetMap Nominatim,amenity,"나주시 향토문화회관, 완사천길, 송월동, 금천면, 나주시, 전남광주통합특별시, 58261, 대한민국",2026-10-03T14:11:35.561524+09:00
KFTC_BUNDANG,금융결제원 분당센터 수집 검증 대상,경기도 성남시 분당구,경기도,성남시,37.3825999,127.1188000,CITY,D,OpenStreetMap Nominatim,borough,"분당구, 성남시, 경기도, 대한민국",2026-10-03T14:11:35.561567+09:00
KISTI_DAEJEON,KISTI 대전 슈퍼컴퓨팅센터 수집 검증 대상,대전광역시 유성구,대전광역시,유성구,36.3620732,127.3564099,CITY,D,OpenStreetMap Nominatim,borough,"유성구, 대전광역시, 대한민국",2026-10-03T14:11:35.561616+09:00
KISTI_GWANGJU,KISTI 광주 AI 컴퓨팅센터 수집 검증 대상,광주광역시,광주광역시,미확인,35.1558147,126.8306362,CITY,D,OpenStreetMap Nominatim,historic,"광주광역시, 전남광주통합특별시, 대한민국",2026-10-03T14:11:35.561654+09:00
KOGAS_DAEGU_IT,한국가스공사 대구 IT센터 수집 검증 대상,대구광역시,대구광역시,미확인,35.8713000,128.6018000,CITY,D,OpenStreetMap Nominatim,city,"대구광역시, 대한민국",2026-10-03T14:11:35.561683+09:00
KORAIL_DAEJEON_IT,한국철도공사 대전 IT센터 수집 검증 대상,대전광역시,대전광역시,미확인,36.3497007,127.3849016,CITY,D,OpenStreetMap Nominatim,city,"대전광역시, 대한민국",2026-10-03T14:11:35.561711+09:00
KOREA_POST_NAJU,우정사업정보센터 나주 수집 검증 대상,전라남도 나주시,전라남도,나주시,35.0145954,126.7114323,CITY,D,OpenStreetMap Nominatim,amenity,"나주시 향토문화회관, 완사천길, 송월동, 금천면, 나주시, 전남광주통합특별시, 58261, 대한민국",2026-10-03T14:11:35.561743+09:00
KOSCOM_YEOUIDO,코스콤 여의도 IT센터 수집 검증 대상,서울특별시 영등포구 여의도동,서울특별시,영등포구,37.5267088,126.9238000,DISTRICT,D,OpenStreetMap Nominatim,quarter,"여의도동, 여의동, 영등포구, 서울특별시, 07243, 대한민국",2026-10-03T14:11:35.561782+09:00
KRX_BUSAN_IT,한국거래소 부산 IT센터 수집 검증 대상,부산광역시 남구,부산광역시,남구,35.1361000,129.0843999,CITY,D,OpenStreetMap Nominatim,borough,"남구, 부산광역시, 대한민국",2026-10-03T14:11:35.561812+09:00
KT_BEOMIL,KT Cloud 범일 DC 수집 검증 대상,부산광역시 동구 범일동,부산광역시,동구,35.1340800,129.0612000,DISTRICT,D,OpenStreetMap Nominatim,quarter,"범일동, 범일2동, 동구, 부산광역시, 48747, 대한민국",2026-10-03T14:11:35.561851+09:00
KT_CHEONAN,KT Cloud 천안 CDC 수집 검증 대상,충청남도 천안시,충청남도,천안시,36.8150283,127.1140654,CITY,D,OpenStreetMap Nominatim,city,"천안시, 충청남도, 대한민국",2026-10-03T14:11:35.561879+09:00
KT_NAMGURO,KT Cloud 남구로 DC 수집 검증 대상,서울특별시 구로구,서울특별시,구로구,37.4951999,126.8877000,DISTRICT,D,OpenStreetMap Nominatim,borough,"구로구, 서울특별시, 대한민국",2026-10-03T14:11:35.561912+09:00
KT_WONJU_AI,원주 KT 협의 AI 데이터센터 수집 검증 대상,강원특별자치도 원주시,강원특별자치도,원주시,37.3420996,127.9197603,CITY,D,OpenStreetMap Nominatim,city,"원주시, 강원특별자치도, 대한민국",2026-10-03T14:11:35.561963+09:00
KWATER_DAEJEON_IT,한국수자원공사 대전 IT센터 수집 검증 대상,대전광역시,대전광역시,미확인,36.3497007,127.3849016,CITY,D,OpenStreetMap Nominatim,city,"대전광역시, 대한민국",2026-10-03T14:11:35.561996+09:00
LGU_PAJU,LG유플러스 파주 데이터센터,경기도 파주시,경기도,파주시,37.7598955,126.7801502,CITY,D,OpenStreetMap Nominatim,city,"파주시, 경기도, 대한민국",2026-10-03T14:11:35.562027+09:00
LG_PYEONGTAEK_IT,LG 평택 IT센터 수집 검증 대상,경기도 평택시,경기도,평택시,36.9924966,127.1127168,CITY,D,OpenStreetMap Nominatim,city,"평택시, 경기도, 대한민국",2026-10-03T14:11:35.562056+09:00
LH_JINJU_IT,LH 진주 IT센터 수집 검증 대상,경상남도 진주시,경상남도,진주시,35.1803459,128.1079953,CITY,D,OpenStreetMap Nominatim,city,"진주시, 경상남도, 대한민국",2026-10-03T14:11:35.562085+09:00
LOTTE_GLOBAL,롯데 글로벌 클라우드센터,경기도 용인시 기흥구 마북동,경기도,용인시,37.3003279,127.1170325,DISTRICT,D,OpenStreetMap Nominatim,quarter,"마북동, 기흥구, 용인시, 경기도, 16909, 대한민국",2026-10-03T14:11:35.562117+09:00
MBC_SANGAM_IT,MBC 상암 IT센터 수집 검증 대상,서울특별시 마포구 상암동,서울특별시,마포구,37.5709200,126.8775200,DISTRICT,D,OpenStreetMap Nominatim,quarter,"상암동, 마포구, 서울특별시, 03900, 대한민국",2026-10-03T14:11:35.562162+09:00
NATIONAL_AI_HAENAM,국가 AI 컴퓨팅센터 해남 수집 검증 대상,전라남도 해남군,전라남도,해남군,34.5708913,126.6250780,CITY,D,OpenStreetMap Nominatim,amenity,"전라남도 학생 교육원, 해남로, 평동리, 해남군, 전남광주통합특별시, 59043, 대한민국",2026-10-03T14:11:35.562200+09:00
NC_PANGYO_IT,엔씨소프트 판교 IT센터 수집 검증 대상,경기도 성남시 판교,경기도,성남시,37.3947237,127.1115312,DISTRICT,D,OpenStreetMap Nominatim,railway,"판교, 판교역로146번길, 백현동, 판교, 분당구, 성남시, 경기도, 13529, 대한민국",2026-10-03T14:11:35.562236+09:00
NEOAI_POHANG,NeoAI 포항 데이터센터,경상북도 포항시 남구 오천읍 광명리,경상북도,포항시,35.9529600,129.4251721,DISTRICT,D,OpenStreetMap Nominatim,highway,"광명리, SA5, 오천읍, 남구, 포항시, 경상북도, 37911, 대한민국",2026-10-03T14:11:35.562271+09:00
NETMARBLE_GURO_IT,넷마블 구로 IT센터 수집 검증 대상,서울특별시 구로구,서울특별시,구로구,37.4951999,126.8877000,CITY,D,OpenStreetMap Nominatim,borough,"구로구, 서울특별시, 대한민국",2026-10-03T14:11:35.562324+09:00
NEXON_PANGYO_IT,넥슨 판교 IT센터 수집 검증 대상,경기도 성남시 판교,경기도,성남시,37.3947237,127.1115312,DISTRICT,D,OpenStreetMap Nominatim,railway,"판교, 판교역로146번길, 백현동, 판교, 분당구, 성남시, 경기도, 13529, 대한민국",2026-10-03T14:11:35.562365+09:00
NHIS_WONJU_IT,국민건강보험공단 원주 IT센터 수집 검증 대상,강원특별자치도 원주시,강원특별자치도,원주시,37.3420996,127.9197603,CITY,D,OpenStreetMap Nominatim,city,"원주시, 강원특별자치도, 대한민국",2026-10-03T14:11:35.562396+09:00
NH_UIWANG_IT,NH농협은행 의왕 IT센터 수집 검증 대상,경기도 의왕시,경기도,의왕시,37.3449082,126.9689861,CITY,D,OpenStreetMap Nominatim,city,"의왕시, 경기도, 대한민국",2026-10-03T14:11:35.562426+09:00
NIRS_DAEGU,국가정보자원관리원 대구센터 수집 검증 대상,대구광역시,대구광역시,미확인,35.8713000,128.6018000,CITY,D,OpenStreetMap Nominatim,city,"대구광역시, 대한민국",2026-10-03T14:11:35.562455+09:00
NIRS_DAEJEON,국가정보자원관리원 대전센터 수집 검증 대상,대전광역시 유성구,대전광역시,유성구,36.3620732,127.3564099,CITY,D,OpenStreetMap Nominatim,borough,"유성구, 대전광역시, 대한민국",2026-10-03T14:11:35.562486+09:00
NIRS_GONGJU,국가정보자원관리원 공주 백업센터 수집 검증 대상,충청남도 공주시,충청남도,공주시,36.4725700,127.0912400,CITY,D,OpenStreetMap Nominatim,city,"공주시, 충청남도, 대한민국",2026-10-03T14:11:35.562631+09:00
NIRS_GWANGJU,국가정보자원관리원 광주센터 수집 검증 대상,광주광역시,광주광역시,미확인,35.1558147,126.8306362,CITY,D,OpenStreetMap Nominatim,historic,"광주광역시, 전남광주통합특별시, 대한민국",2026-10-03T14:11:35.562686+09:00
NPS_JEONJU_IT,국민연금공단 전주 IT센터 수집 검증 대상,전북특별자치도 전주시,전북특별자치도,전주시,35.8237631,127.1472805,CITY,D,OpenStreetMap Nominatim,city,"전주시, 전북특별자치도, 대한민국",2026-10-03T14:11:35.562722+09:00
PEARLABYSS_GWACHEON,펄어비스 과천 IT센터 수집 검증 대상,경기도 과천시,경기도,과천시,37.4289037,126.9881655,CITY,D,OpenStreetMap Nominatim,city,"과천시, 경기도, 대한민국",2026-10-03T14:11:35.562756+09:00
POSCO_GWANGYANG_IT,포스코 광양 IT센터 수집 검증 대상,전라남도 광양시,전라남도,광양시,34.9795670,127.5742646,CITY,D,OpenStreetMap Nominatim,office,"광양시 농업 기술 센터, 서천변로, 주공매화아파트, 신기마을, 구산리, 광양시, 전남광주통합특별시, 57728, 대한민국",2026-10-03T14:11:35.562848+09:00
POSCO_POHANG_IT,포스코 포항 IT센터 수집 검증 대상,경상북도 포항시,경상북도,포항시,36.0189315,129.3429384,CITY,D,OpenStreetMap Nominatim,city,"포항시, 경상북도, 대한민국",2026-10-03T14:11:35.562943+09:00
POSTECH_HPC,POSTECH HPC 데이터센터 수집 검증 대상,경상북도 포항시,경상북도,포항시,36.0189315,129.3429384,CITY,D,OpenStreetMap Nominatim,city,"포항시, 경상북도, 대한민국",2026-10-03T14:11:35.563001+09:00
ROAD_GIMCHEON_IT,한국도로공사 김천 IT센터 수집 검증 대상,경상북도 김천시,경상북도,김천시,36.1398035,128.1139534,CITY,D,OpenStreetMap Nominatim,city,"김천시, 경상북도, 대한민국",2026-10-03T14:11:35.563041+09:00
SAMSUNG_GIHEUNG_IT,삼성전자 기흥 IT센터 수집 검증 대상,경기도 용인시 기흥구,경기도,용인시,37.2801000,127.1148000,CITY,D,OpenStreetMap Nominatim,borough,"기흥구, 용인시, 경기도, 대한민국",2026-10-03T14:11:35.563085+09:00
SAMSUNG_SUWON_IT,삼성전자 수원 IT센터 수집 검증 대상,경기도 수원시,경기도,수원시,37.2633325,127.0287472,CITY,D,OpenStreetMap Nominatim,city,"수원시, 경기도, 대한민국",2026-10-03T14:11:35.563120+09:00
SBS_MOKDONG_IT,SBS 목동 IT센터 수집 검증 대상,서울특별시 양천구 목동,서울특별시,양천구,37.5360800,126.8758500,DISTRICT,D,OpenStreetMap Nominatim,quarter,"목동, 목5동, 양천구, 서울특별시, 07981, 대한민국",2026-10-03T14:11:35.563167+09:00
SEOUL_CITY_DC,서울시 데이터센터 수집 검증 대상,서울특별시,서울특별시,미확인,37.5666791,126.9782914,CITY,D,OpenStreetMap Nominatim,city,"서울특별시, 대한민국",2026-10-03T14:11:35.563200+09:00
SHINHAN_YONGIN_IT,신한금융 용인 IT센터 수집 검증 대상,경기도 용인시,경기도,용인시,37.2405741,127.1785572,CITY,D,OpenStreetMap Nominatim,city,"용인시, 경기도, 대한민국",2026-10-03T14:11:35.563234+09:00
SHINSEGAE_GIMPO_AI,신세계그룹 김포 AI 데이터센터 수집 검증 대상,경기도 김포시,경기도,김포시,37.6155683,126.7157798,CITY,D,OpenStreetMap Nominatim,city,"김포시, 경기도, 대한민국",2026-10-03T14:11:35.563268+09:00
SKB_CENTUM,SK브로드밴드 센텀 IDC 수집 검증 대상,부산광역시 해운대구,부산광역시,해운대구,35.1629000,129.1638000,DISTRICT,D,OpenStreetMap Nominatim,borough,"해운대구, 부산광역시, 대한민국",2026-10-03T14:11:35.563336+09:00
SKB_ILSAN2,SK브로드밴드 일산 제2 IDC 수집 검증 대상,경기도 고양시,경기도,고양시,37.6581862,126.8319452,DISTRICT,D,OpenStreetMap Nominatim,city,"고양시, 경기도, 대한민국",2026-10-03T14:11:35.563375+09:00
SKB_SEOCHO2,SK브로드밴드 서초2 IDC 수집 검증 대상,서울특별시 서초구,서울특별시,서초구,37.4835000,127.0322000,CITY,D,OpenStreetMap Nominatim,borough,"서초구, 서울특별시, 대한민국",2026-10-03T14:11:35.563408+09:00
SKB_YANGJU,SK브로드밴드 양주 IDC 수집 검증 대상,경기도 양주시,경기도,양주시,37.7849312,127.0457771,CITY,D,OpenStreetMap Nominatim,city,"양주시, 경기도, 대한민국",2026-10-03T14:11:35.563439+09:00
SKHORIZON_GURO,SK호라이즌 구로 AI 데이터센터 수집 검증 대상,서울특별시 구로구,서울특별시,구로구,37.4951999,126.8877000,CITY,D,OpenStreetMap Nominatim,borough,"구로구, 서울특별시, 대한민국",2026-10-03T14:11:35.563473+09:00
SKHYNIX_CHEONGJU_IT,SK하이닉스 청주 IT센터 수집 검증 대상,충청북도 청주시,충청북도,청주시,36.6421169,127.4891742,CITY,D,OpenStreetMap Nominatim,city,"청주시, 충청북도, 대한민국",2026-10-03T14:11:35.563505+09:00
SKHYNIX_ICHEON_IT,SK하이닉스 이천 IT센터 수집 검증 대상,경기도 이천시,경기도,이천시,37.2808823,127.4429132,CITY,D,OpenStreetMap Nominatim,city,"이천시, 경기도, 대한민국",2026-10-03T14:11:35.563598+09:00
SMILEGATE_PANGYO_IT,스마일게이트 판교 IT센터 수집 검증 대상,경기도 성남시 판교,경기도,성남시,37.3947237,127.1115312,DISTRICT,D,OpenStreetMap Nominatim,railway,"판교, 판교역로146번길, 백현동, 판교, 분당구, 성남시, 경기도, 13529, 대한민국",2026-10-03T14:11:35.563661+09:00
SNU_HPC,서울대학교 HPC 데이터센터 수집 검증 대상,서울특별시 관악구,서울특별시,관악구,37.4782000,126.9518000,CITY,D,OpenStreetMap Nominatim,borough,"관악구, 서울특별시, 대한민국",2026-10-03T14:11:35.563694+09:00
TOSS_GANGNAM_IT,토스 IT 인프라 수집 검증 대상,서울특별시 강남구,서울특별시,강남구,37.5177000,127.0473000,CITY,D,OpenStreetMap Nominatim,borough,"강남구, 서울특별시, 대한민국",2026-10-03T14:11:35.563724+09:00
UNIST_HPC,UNIST HPC 데이터센터 수집 검증 대상,울산광역시 울주군,울산광역시,울주군,35.5222362,129.2423693,CITY,D,OpenStreetMap Nominatim,county,"울주군, 울산광역시, 대한민국",2026-10-03T14:11:35.563778+09:00
UNKNOWN_HANAM_EDGE,하남 풍산동 엣지 데이터센터 수집 검증 대상,경기도 하남시 풍산동,경기도,하남시,37.5505372,127.1901859,DISTRICT,D,OpenStreetMap Nominatim,quarter,"풍산동, 황산, 미사3동, 하남시, 경기도, 12939, 대한민국",2026-10-03T14:11:35.563823+09:00
UNKNOWN_MUAN_ORYONG,무안 오룡지구 AI 데이터센터 수집 검증 대상,전라남도 무안군 일로읍 오룡리,전라남도,무안군,34.8014540,126.4855926,DISTRICT,D,OpenStreetMap Nominatim,office,"전라남도 농업인지원센터, 남악로, 오룡지구, 오룡리, 일로읍, 무안군, 전남광주통합특별시, 58567, 대한민국",2026-10-03T14:11:35.563865+09:00
WOORI_SANGAM_IT,우리금융 상암 IT센터 수집 검증 대상,서울특별시 마포구 상암동,서울특별시,마포구,37.5709200,126.8775200,DISTRICT,D,OpenStreetMap Nominatim,quarter,"상암동, 마포구, 서울특별시, 03900, 대한민국",2026-10-03T14:11:35.563911+09:00
WOOWA_SEOUL_IT,우아한형제들 IT 인프라 수집 검증 대상,서울특별시,서울특별시,미확인,37.5666791,126.9782914,CITY,D,OpenStreetMap Nominatim,city,"서울특별시, 대한민국",2026-10-03T14:11:35.563941+09:00
