site_code,address_source_url
DOUZONE_CHUNCHEON,https://dorojuso.kr/4211040024107490000000003/%EA%B0%95%EC%9B%90%ED%8A%B9%EB%B3%84%EC%9E%90%EC%B9%98%EB%8F%84-%EC%B6%98%EC%B2%9C%EC%8B%9C-%EB%82%A8%EC%82%B0%EB%A9%B4-%EB%B2%84%EB%93%A41%EA%B8%B8-130
EPOCH_ANYANG,https://dorojuso.kr/4117310400105550044000001/%EA%B2%BD%EA%B8%B0%EB%8F%84-%EC%95%88%EC%96%91%EC%8B%9C-%EB%8F%99%EC%95%88%EA%B5%AC-%EC%97%98%EC%97%90%EC%8A%A4%EB%A1%9C-126-%ED%98%B8%EA%B3%84%EB%8F%99
KINX_BUNDANG1,https://dorojuso.kr/4113510700103430001019207/%EA%B2%BD%EA%B8%B0%EB%8F%84-%EC%84%B1%EB%82%A8%EC%8B%9C-%EB%B6%84%EB%8B%B9%EA%B5%AC-%EC%9E%A5%EB%AF%B8%EB%A1%9C-36-%EC%95%BC%ED%83%91%EB%8F%99
KOSCOM_ANYANG,https://dorojuso.kr/4117310400110260008014418/%EA%B2%BD%EA%B8%B0%EB%8F%84-%EC%95%88%EC%96%91%EC%8B%9C-%EB%8F%99%EC%95%88%EA%B5%AC-%EC%97%98%EC%97%90%EC%8A%A4%EB%A1%9C115%EB%B2%88%EA%B8%B8-26-%ED%98%B8%EA%B3%84%EB%8F%99
KT_BAEKSEOK_AI,https://dorojuso.kr/4128510600111410000004843/%EA%B2%BD%EA%B8%B0%EB%8F%84-%EA%B3%A0%EC%96%91%EC%8B%9C-%EC%9D%BC%EC%82%B0%EB%8F%99%EA%B5%AC-%EA%B2%BD%EC%9D%98%EB%A1%9C-235-%EB%B0%B1%EC%84%9D%EB%8F%99
KT_DAEJEON,https://dorojuso.kr/3017010600106490000006829/%EB%8C%80%EC%A0%84%EA%B4%91%EC%97%AD%EC%8B%9C-%EC%84%9C%EA%B5%AC-%EB%AC%B8%EC%A0%95%EB%A1%9C48%EB%B2%88%EA%B8%B8-30-%ED%83%84%EB%B0%A9%EB%8F%99
KT_GIMHAE,https://dorojuso.kr/4825010800102250002054641/%EA%B2%BD%EC%83%81%EB%82%A8%EB%8F%84-%EA%B9%80%ED%95%B4%EC%8B%9C-%EB%B6%84%EC%84%B1%EB%A1%9C3%EB%B2%88%EA%B8%B8-235-2-%EB%82%B4%EB%8F%99
KT_MOKDONG1,https://dorojuso.kr/1147010200109240004000001/%EC%84%9C%EC%9A%B8%ED%8A%B9%EB%B3%84%EC%8B%9C-%EC%96%91%EC%B2%9C%EA%B5%AC-%EB%AA%A9%EB%8F%99%EB%8F%99%EB%A1%9C-233-5-%EB%AA%A9%EB%8F%99
KT_MOKDONG2,https://dorojuso.kr/1147010200109180001020786/%EC%84%9C%EC%9A%B8%ED%8A%B9%EB%B3%84%EC%8B%9C-%EC%96%91%EC%B2%9C%EA%B5%AC-%EB%AA%A9%EB%8F%99%EB%8F%99%EB%A1%9C-323-%EB%AA%A9%EB%8F%99
KT_SONGJEONG,https://dorojuso.kr/2635010800104530002010660/%EB%B6%80%EC%82%B0%EA%B4%91%EC%97%AD%EC%8B%9C-%ED%95%B4%EC%9A%B4%EB%8C%80%EA%B5%AC-%EC%86%A1%EC%A0%95%EA%B4%91%EC%96%B4%EA%B3%A8%EB%A1%9C-42-%EC%86%A1%EC%A0%95%EB%8F%99
KT_YONGSAN,https://dorojuso.kr/1117011700100010002028619/%EC%84%9C%EC%9A%B8%ED%8A%B9%EB%B3%84%EC%8B%9C-%EC%9A%A9%EC%82%B0%EA%B5%AC-%EC%9B%90%ED%9A%A8%EB%A1%9C41%EA%B8%B8-33-%EC%9B%90%ED%9A%A8%EB%A1%9C3%EA%B0%80
LGCNS_SANGAM,https://dorojuso.kr/1144012700102810004019027/%EC%84%9C%EC%9A%B8%ED%8A%B9%EB%B3%84%EC%8B%9C-%EB%A7%88%ED%8F%AC%EA%B5%AC-%EC%9B%94%EB%93%9C%EC%BB%B5%EB%B6%81%EB%A1%9C-424-%EC%83%81%EC%95%94%EB%8F%99
OKESTRO_SEJONG,https://dorojuso.kr/3611011000106670000000001/%EC%84%B8%EC%A2%85%ED%8A%B9%EB%B3%84%EC%9E%90%EC%B9%98%EC%8B%9C-%EA%B0%80%EB%A6%84%EB%A1%9C-194-%EC%96%B4%EC%A7%84%EB%8F%99
SAMSUNG_SDS_GUMI,https://dorojuso.kr/4719011300102590000034707/%EA%B2%BD%EC%83%81%EB%B6%81%EB%8F%84-%EA%B5%AC%EB%AF%B8%EC%8B%9C-1%EA%B3%B5%EB%8B%A8%EB%A1%9C-244-%EA%B3%B5%EB%8B%A8%EB%8F%99
SAMSUNG_SDS_SANGAM,https://dorojuso.kr/1144012700115860000000001/%EC%84%9C%EC%9A%B8%ED%8A%B9%EB%B3%84%EC%8B%9C-%EB%A7%88%ED%8F%AC%EA%B5%AC-%EC%9B%94%EB%93%9C%EC%BB%B5%EB%B6%81%EB%A1%9C60%EA%B8%B8-24-%EC%83%81%EC%95%94%EB%8F%99
SAMSUNG_SDS_SUWON,https://dorojuso.kr/4111710100104100001050388/%EA%B2%BD%EA%B8%B0%EB%8F%84-%EC%88%98%EC%9B%90%EC%8B%9C-%EC%98%81%ED%86%B5%EA%B5%AC-%EC%82%BC%EC%84%B1%EB%A1%9C168%EB%B2%88%EA%B8%B8-10-%EB%A7%A4%ED%83%84%EB%8F%99
SEJONG_BUNDANG,https://dorojuso.kr/4146510300103250230234216/%EA%B2%BD%EA%B8%B0%EB%8F%84-%EC%9A%A9%EC%9D%B8%EC%8B%9C-%EC%88%98%EC%A7%80%EA%B5%AC-%EC%9A%A9%EA%B5%AC%EB%8C%80%EB%A1%9C2771%EB%B2%88%EA%B8%B8-85-%EB%8F%99%EC%B2%9C%EB%8F%99
SGC_GUNSAN,https://dorojuso.kr/4513014800100360023000003/%EC%A0%84%EB%B6%81%ED%8A%B9%EB%B3%84%EC%9E%90%EC%B9%98%EB%8F%84-%EA%B5%B0%EC%82%B0%EC%8B%9C-%EC%99%B8%ED%95%AD%EB%A1%9C-1331-%EB%B9%84%EC%9D%91%EB%8F%84%EB%8F%99
