site_code,site_name,address_standard,sido,sigungu,latitude,longitude,location_precision,coordinate_quality,provider,provider_result_type,provider_display_name,geocoded_at,address_source_url,coordinate_source_url
CHANGWON_DEFENSE_AI,창원 방산 AI 데이터센터 수집 검증 대상,경상남도 창원시 의창구 팔용동 23-3,경상남도,창원시,35.24568569,128.61319914,PARCEL,B,Kakao Map public search,exact_parcel_place,삼진모빌리티 창원공장,2026-10-03T14:31:32+09:00,https://map.kakao.com/?q=%EA%B2%BD%EC%83%81%EB%82%A8%EB%8F%84+%EC%B0%BD%EC%9B%90%EC%8B%9C+%EC%9D%98%EC%B0%BD%EA%B5%AC+%ED%8C%94%EC%9A%A9%EB%8F%99+23-3,https://map.kakao.com/?q=%EA%B2%BD%EC%83%81%EB%82%A8%EB%8F%84+%EC%B0%BD%EC%9B%90%EC%8B%9C+%EC%9D%98%EC%B0%BD%EA%B5%AC+%ED%8C%94%EC%9A%A9%EB%8F%99+23-3
DCI_SEOUL01,DCI Seoul 01,서울특별시 금천구 가산동 459-3,서울특별시,금천구,37.4837182,126.87842228,PARCEL,B,Kakao Map public search,exact_parcel_place,스타키보청기 체험센터,2026-10-03T14:31:32+09:00,https://map.kakao.com/?q=%EC%84%9C%EC%9A%B8%ED%8A%B9%EB%B3%84%EC%8B%9C+%EA%B8%88%EC%B2%9C%EA%B5%AC+%EA%B0%80%EC%82%B0%EB%8F%99+459-3,https://map.kakao.com/?q=%EC%84%9C%EC%9A%B8%ED%8A%B9%EB%B3%84%EC%8B%9C+%EA%B8%88%EC%B2%9C%EA%B5%AC+%EA%B0%80%EC%82%B0%EB%8F%99+459-3
DIGITALEDGE_SEL2,Digital Edge SEL2,인천광역시 부평구 청천동 422,인천광역시,부평구,37.51788142,126.71090257,PARCEL,B,Kakao Map public search,exact_parcel_place,디지털엣지코리아 SEL2데이터센터,2026-10-03T14:31:32+09:00,https://map.kakao.com/?q=%EC%9D%B8%EC%B2%9C%EA%B4%91%EC%97%AD%EC%8B%9C+%EB%B6%80%ED%8F%89%EA%B5%AC+%EC%B2%AD%EC%B2%9C%EB%8F%99+422,https://map.kakao.com/?q=%EC%9D%B8%EC%B2%9C%EA%B4%91%EC%97%AD%EC%8B%9C+%EB%B6%80%ED%8F%89%EA%B5%AC+%EC%B2%AD%EC%B2%9C%EB%8F%99+422
DIGITALEDGE_SEL3,Digital Edge SEL3,인천광역시 부평구 청천동 422,인천광역시,부평구,37.51788142,126.71090257,PARCEL,B,Kakao Map public search,exact_parcel_place,디지털엣지코리아 SEL2데이터센터,2026-10-03T14:31:32+09:00,https://map.kakao.com/?q=%EC%9D%B8%EC%B2%9C%EA%B4%91%EC%97%AD%EC%8B%9C+%EB%B6%80%ED%8F%89%EA%B5%AC+%EC%B2%AD%EC%B2%9C%EB%8F%99+422,https://map.kakao.com/?q=%EC%9D%B8%EC%B2%9C%EA%B4%91%EC%97%AD%EC%8B%9C+%EB%B6%80%ED%8F%89%EA%B5%AC+%EC%B2%AD%EC%B2%9C%EB%8F%99+422
DIGITALEDGE_SEL5,Digital Edge SEL5,경기도 안산시 단원구 성곡동 668-1,경기도,안산시,37.32140772,126.74122389,PARCEL,B,Kakao Map public search,exact_parcel_place,다산,2026-10-03T14:31:32+09:00,https://map.kakao.com/?q=%EA%B2%BD%EA%B8%B0%EB%8F%84+%EC%95%88%EC%82%B0%EC%8B%9C+%EB%8B%A8%EC%9B%90%EA%B5%AC+%EC%84%B1%EA%B3%A1%EB%8F%99+668-1,https://map.kakao.com/?q=%EA%B2%BD%EA%B8%B0%EB%8F%84+%EC%95%88%EC%82%B0%EC%8B%9C+%EB%8B%A8%EC%9B%90%EA%B5%AC+%EC%84%B1%EA%B3%A1%EB%8F%99+668-1
DLR_ICN11,Digital Realty ICN11,경기도 김포시 구래동 6877-9,경기도,김포시,37.6513278,126.63627025,PARCEL,B,Kakao Map public search,exact_parcel_place,ICN11데이터센터 (2027년 10월 예정),2026-10-03T14:31:32+09:00,https://map.kakao.com/?q=%EA%B2%BD%EA%B8%B0%EB%8F%84+%EA%B9%80%ED%8F%AC%EC%8B%9C+%EA%B5%AC%EB%9E%98%EB%8F%99+6877-9,https://map.kakao.com/?q=%EA%B2%BD%EA%B8%B0%EB%8F%84+%EA%B9%80%ED%8F%AC%EC%8B%9C+%EA%B5%AC%EB%9E%98%EB%8F%99+6877-9
EMPYRION_KR1,Empyrion Digital KR1,서울특별시 서초구 양재동 224,서울특별시,서초구,37.45812744,127.03780285,PARCEL,B,Kakao Map public search,exact_parcel_place,KR1 강남데이터센터,2026-10-03T14:31:32+09:00,https://map.kakao.com/?q=%EC%84%9C%EC%9A%B8%ED%8A%B9%EB%B3%84%EC%8B%9C+%EC%84%9C%EC%B4%88%EA%B5%AC+%EC%96%91%EC%9E%AC%EB%8F%99+224,https://map.kakao.com/?q=%EC%84%9C%EC%9A%B8%ED%8A%B9%EB%B3%84%EC%8B%9C+%EC%84%9C%EC%B4%88%EA%B5%AC+%EC%96%91%EC%9E%AC%EB%8F%99+224
EPOCH_YANGPYEONG,Epoch Digital 양평 데이터센터,서울특별시 영등포구 양평동3가 77-80,서울특별시,영등포구,37.52987341,126.89372919,PARCEL,B,Kakao Map public search,exact_parcel_place,액티스데이터센터 서울,2026-10-03T14:31:32+09:00,https://map.kakao.com/?q=%EC%84%9C%EC%9A%B8%ED%8A%B9%EB%B3%84%EC%8B%9C+%EC%98%81%EB%93%B1%ED%8F%AC%EA%B5%AC+%EC%96%91%ED%8F%89%EB%8F%993%EA%B0%80+77-80,https://map.kakao.com/?q=%EC%84%9C%EC%9A%B8%ED%8A%B9%EB%B3%84%EC%8B%9C+%EC%98%81%EB%93%B1%ED%8F%AC%EA%B5%AC+%EC%96%91%ED%8F%89%EB%8F%993%EA%B0%80+77-80
KAKAO_HANAM,카카오 하남 데이터센터,경기도 하남시 풍산동 607-2,경기도,하남시,37.55123078,127.19515636,PARCEL,B,Kakao Map public search,exact_parcel_place,하남데이터센터,2026-10-03T14:31:32+09:00,https://map.kakao.com/?q=%EA%B2%BD%EA%B8%B0%EB%8F%84+%ED%95%98%EB%82%A8%EC%8B%9C+%ED%92%8D%EC%82%B0%EB%8F%99+607-2,https://map.kakao.com/?q=%EA%B2%BD%EA%B8%B0%EB%8F%84+%ED%95%98%EB%82%A8%EC%8B%9C+%ED%92%8D%EC%82%B0%EB%8F%99+607-2
KOSCOM_BUSAN,코스콤 부산 IDC,부산광역시 동구 범일동 828-9,부산광역시,동구,35.13781072,129.06411647,PARCEL,B,Kakao Map public search,exact_parcel_place,퀸즈이즈카운티아파트,2026-10-03T14:31:32+09:00,https://map.kakao.com/?q=%EB%B6%80%EC%82%B0%EA%B4%91%EC%97%AD%EC%8B%9C+%EB%8F%99%EA%B5%AC+%EB%B2%94%EC%9D%BC%EB%8F%99+828-9,https://map.kakao.com/?q=%EB%B6%80%EC%82%B0%EA%B4%91%EC%97%AD%EC%8B%9C+%EB%8F%99%EA%B5%AC+%EB%B2%94%EC%9D%BC%EB%8F%99+828-9
KSQUARE_GASAN,K Square 가산 데이터센터,서울특별시 금천구 가산동 319-19,서울특별시,금천구,37.47171098,126.88618997,PARCEL,B,Kakao Map public search,exact_parcel_place,K스퀘어 데이터 센터,2026-10-03T14:31:32+09:00,https://map.kakao.com/?q=%EC%84%9C%EC%9A%B8%ED%8A%B9%EB%B3%84%EC%8B%9C+%EA%B8%88%EC%B2%9C%EA%B5%AC+%EA%B0%80%EC%82%B0%EB%8F%99+319-19,https://map.kakao.com/?q=%EC%84%9C%EC%9A%B8%ED%8A%B9%EB%B3%84%EC%8B%9C+%EA%B8%88%EC%B2%9C%EA%B5%AC+%EA%B0%80%EC%82%B0%EB%8F%99+319-19
LGCNS_JUKJEON,LG CNS 죽전 데이터센터,경기도 용인시 수지구 죽전동 1358,경기도,용인시,37.32893175,127.13429911,PARCEL,B,Kakao Map public search,exact_parcel_place,퍼시픽써니 죽전데이터센터,2026-10-03T14:31:32+09:00,https://map.kakao.com/?q=%EA%B2%BD%EA%B8%B0%EB%8F%84+%EC%9A%A9%EC%9D%B8%EC%8B%9C+%EC%88%98%EC%A7%80%EA%B5%AC+%EC%A3%BD%EC%A0%84%EB%8F%99+1358,https://map.kakao.com/?q=%EA%B2%BD%EA%B8%B0%EB%8F%84+%EC%9A%A9%EC%9D%B8%EC%8B%9C+%EC%88%98%EC%A7%80%EA%B5%AC+%EC%A3%BD%EC%A0%84%EB%8F%99+1358
LGCNS_SAMSONG_A,LG CNS 삼송 A동 데이터센터,경기도 고양시 덕양구 오금동 690,경기도,고양시,37.66550309,126.92120586,PARCEL,B,Kakao Map public search,exact_parcel_place,이지스 고양삼송데이터센터,2026-10-03T14:31:32+09:00,https://map.kakao.com/?q=%EA%B2%BD%EA%B8%B0%EB%8F%84+%EA%B3%A0%EC%96%91%EC%8B%9C+%EB%8D%95%EC%96%91%EA%B5%AC+%EC%98%A4%EA%B8%88%EB%8F%99+690,https://map.kakao.com/?q=%EA%B2%BD%EA%B8%B0%EB%8F%84+%EA%B3%A0%EC%96%91%EC%8B%9C+%EB%8D%95%EC%96%91%EA%B5%AC+%EC%98%A4%EA%B8%88%EB%8F%99+690
LGCNS_SAMSONG_B,LG CNS 삼송 B동 데이터센터,경기도 고양시 덕양구 오금동 690,경기도,고양시,37.66550309,126.92120586,PARCEL,B,Kakao Map public search,exact_parcel_place,이지스 고양삼송데이터센터,2026-10-03T14:31:32+09:00,https://map.kakao.com/?q=%EA%B2%BD%EA%B8%B0%EB%8F%84+%EA%B3%A0%EC%96%91%EC%8B%9C+%EB%8D%95%EC%96%91%EA%B5%AC+%EC%98%A4%EA%B8%88%EB%8F%99+690,https://map.kakao.com/?q=%EA%B2%BD%EA%B8%B0%EB%8F%84+%EA%B3%A0%EC%96%91%EC%8B%9C+%EB%8D%95%EC%96%91%EA%B5%AC+%EC%98%A4%EA%B8%88%EB%8F%99+690
LOTTE_EXTERNAL,롯데 외부·글로벌센터,경기도 용인시 기흥구 마북동 102-18,경기도,용인시,37.30551349,127.13855617,PARCEL,B,Kakao Map public search,exact_parcel_place,롯데이노베이트 제3센터,2026-10-03T14:31:32+09:00,https://map.kakao.com/?q=%EA%B2%BD%EA%B8%B0%EB%8F%84+%EC%9A%A9%EC%9D%B8%EC%8B%9C+%EA%B8%B0%ED%9D%A5%EA%B5%AC+%EB%A7%88%EB%B6%81%EB%8F%99+102-18,https://map.kakao.com/?q=%EA%B2%BD%EA%B8%B0%EB%8F%84+%EC%9A%A9%EC%9D%B8%EC%8B%9C+%EA%B8%B0%ED%9D%A5%EA%B5%AC+%EB%A7%88%EB%B6%81%EB%8F%99+102-18
MICROSOFT_PUS05,Microsoft Busan PUS05,부산광역시 강서구 구랑동 1278-5,부산광역시,강서구,35.12162282,128.85624296,PARCEL,B,Kakao Map public search,exact_parcel_place,MS데이터센터,2026-10-03T14:31:32+09:00,https://map.kakao.com/?q=%EB%B6%80%EC%82%B0%EA%B4%91%EC%97%AD%EC%8B%9C+%EA%B0%95%EC%84%9C%EA%B5%AC+%EA%B5%AC%EB%9E%91%EB%8F%99+1278-5,https://map.kakao.com/?q=%EB%B6%80%EC%82%B0%EA%B4%91%EC%97%AD%EC%8B%9C+%EA%B0%95%EC%84%9C%EA%B5%AC+%EA%B5%AC%EB%9E%91%EB%8F%99+1278-5
MOACK_GANGNAM,Moack 강남 데이터센터,서울특별시 강남구 도곡동 553-3,서울특별시,강남구,37.49014388,127.03506222,PARCEL,B,Kakao Map public search,exact_parcel_place,지호빌딩,2026-10-03T14:31:32+09:00,https://map.kakao.com/?q=%EC%84%9C%EC%9A%B8%ED%8A%B9%EB%B3%84%EC%8B%9C+%EA%B0%95%EB%82%A8%EA%B5%AC+%EB%8F%84%EA%B3%A1%EB%8F%99+553-3,https://map.kakao.com/?q=%EC%84%9C%EC%9A%B8%ED%8A%B9%EB%B3%84%EC%8B%9C+%EA%B0%95%EB%82%A8%EA%B5%AC+%EB%8F%84%EA%B3%A1%EB%8F%99+553-3
NHN_YANGPYEONG,NHN Cloud 양평 데이터센터 수집 검증 대상,서울특별시 영등포구 양평동3가 77-80,서울특별시,영등포구,37.52987341,126.89372919,PARCEL,B,Kakao Map public search,exact_parcel_place,액티스데이터센터 서울,2026-10-03T14:31:32+09:00,https://map.kakao.com/?q=%EC%84%9C%EC%9A%B8%ED%8A%B9%EB%B3%84%EC%8B%9C+%EC%98%81%EB%93%B1%ED%8F%AC%EA%B5%AC+%EC%96%91%ED%8F%89%EB%8F%993%EA%B0%80+77-80,https://map.kakao.com/?q=%EC%84%9C%EC%9A%B8%ED%8A%B9%EB%B3%84%EC%8B%9C+%EC%98%81%EB%93%B1%ED%8F%AC%EA%B5%AC+%EC%96%91%ED%8F%89%EB%8F%993%EA%B0%80+77-80
STT_SEOUL1,STT Seoul 1,서울특별시 금천구 가산동 345-26,서울특별시,금천구,37.47345109,126.88276758,PARCEL,B,Kakao Map public search,exact_parcel_place,STT 데이터센터,2026-10-03T14:31:32+09:00,https://map.kakao.com/?q=%EC%84%9C%EC%9A%B8%ED%8A%B9%EB%B3%84%EC%8B%9C+%EA%B8%88%EC%B2%9C%EA%B5%AC+%EA%B0%80%EC%82%B0%EB%8F%99+345-26,https://map.kakao.com/?q=%EC%84%9C%EC%9A%B8%ED%8A%B9%EB%B3%84%EC%8B%9C+%EA%B8%88%EC%B2%9C%EA%B5%AC+%EA%B0%80%EC%82%B0%EB%8F%99+345-26
UNKNOWN_UIJEONGBU,의정부 용현동 데이터센터 수집 검증 대상,경기도 의정부시 용현동 522-8,경기도,의정부시,37.74266225,127.07925254,PARCEL,B,Kakao Map public search,exact_parcel_place,상도일렉트릭,2026-10-03T14:31:32+09:00,https://map.kakao.com/?q=%EA%B2%BD%EA%B8%B0%EB%8F%84+%EC%9D%98%EC%A0%95%EB%B6%80%EC%8B%9C+%EC%9A%A9%ED%98%84%EB%8F%99+522-8,https://map.kakao.com/?q=%EA%B2%BD%EA%B8%B0%EB%8F%84+%EC%9D%98%EC%A0%95%EB%B6%80%EC%8B%9C+%EC%9A%A9%ED%98%84%EB%8F%99+522-8
